{"Kills": 6.2, "Deaths": 5.2, "Assists": 8.3, "KDA": 2.7884615384615383, "DMG/min": 670.0, "Gold Earned": 19923.0, "CS/min": 5.5, "averageTime": 29.603432835820893}