{"Kills": 8.2, "Deaths": 6.0, "Assists": 5.5, "KDA": 2.283333333333333, "DMG/min": 709.0, "Gold Earned": 22809.0, "CS/min": 5.3, "averageTime": 29.203949224259517}