{"Kills": 1.9, "Deaths": 6.1, "Assists": 14.3, "KDA": 2.6557377049180326, "DMG/min": 278.0, "Gold Earned": 32559.0, "CS/min": 1.2, "averageTime": 28.878776978417267}