{"Kills": 4.3, "Deaths": 6.0, "Assists": 10.9, "KDA": 2.533333333333333, "DMG/min": 457.0, "Gold Earned": 5366.0, "CS/min": 4.8, "averageTime": 29.68140043763676}