{"Kills": 6.3, "Deaths": 5.4, "Assists": 7.6, "KDA": 2.5740740740740735, "DMG/min": 655.0, "Gold Earned": 14980.0, "CS/min": 5.9, "averageTime": 29.41923664122137}