{"Kills": 7.1, "Deaths": 6.0, "Assists": 8.1, "KDA": 2.533333333333333, "DMG/min": 720.0, "Gold Earned": 10015.0, "CS/min": 5.0, "averageTime": 29.382638888888888}