{"Kills": 6.2, "Deaths": 6.5, "Assists": 7.1, "KDA": 2.0461538461538464, "DMG/min": 674.0, "Gold Earned": 10058.0, "CS/min": 6.6, "averageTime": 28.88961424332344}