{"Kills": 5.9, "Deaths": 5.9, "Assists": 9.7, "KDA": 2.644067796610169, "DMG/min": 657.0, "Gold Earned": 2186.0, "CS/min": 5.5, "averageTime": 29.31689497716895}