{"Kills": 5.3, "Deaths": 5.9, "Assists": 6.9, "KDA": 2.0677966101694913, "DMG/min": 666.0, "Gold Earned": 4020.0, "CS/min": 6.1, "averageTime": 29.18093093093093}