{"Kills": 2.7, "Deaths": 5.6, "Assists": 14.5, "KDA": 3.0714285714285716, "DMG/min": 390.0, "Gold Earned": 17274.0, "CS/min": 0.9, "averageTime": 29.31923076923077}