{"Kills": 2.1, "Deaths": 5.9, "Assists": 12.9, "KDA": 2.542372881355932, "DMG/min": 293.0, "Gold Earned": 19393.0, "CS/min": 1.1, "averageTime": 29.041638225255976}