{"Kills": 5.0, "Deaths": 8.3, "Assists": 9.9, "KDA": 1.7951807228915662, "DMG/min": 721.0, "Gold Earned": 11379.0, "CS/min": 2.3, "averageTime": 30.087517337031898}