{"Kills": 1.5, "Deaths": 5.6, "Assists": 15.0, "KDA": 2.9464285714285716, "DMG/min": 270.0, "Gold Earned": 6557.0, "CS/min": 1.2, "averageTime": 29.09851851851852}