{"Kills": 6.6, "Deaths": 5.9, "Assists": 7.5, "KDA": 2.389830508474576, "DMG/min": 671.0, "Gold Earned": 46486.0, "CS/min": 6.5, "averageTime": 29.4602086438152}