{"Kills": 6.4, "Deaths": 6.1, "Assists": 6.0, "KDA": 2.0327868852459017, "DMG/min": 656.0, "Gold Earned": 22188.0, "CS/min": 5.7, "averageTime": 28.87134146341463}