{"Kills": 6.7, "Deaths": 6.5, "Assists": 6.6, "KDA": 2.0461538461538464, "DMG/min": 712.0, "Gold Earned": 7073.0, "CS/min": 6.4, "averageTime": 29.430758426966293}