{"Kills": 5.6, "Deaths": 5.4, "Assists": 6.8, "KDA": 2.296296296296296, "DMG/min": 598.0, "Gold Earned": 19957.0, "CS/min": 5.7, "averageTime": 29.450167224080268}