{"Kills": 7.7, "Deaths": 6.1, "Assists": 7.1, "KDA": 2.426229508196722, "DMG/min": 862.0, "Gold Earned": 6789.0, "CS/min": 6.7, "averageTime": 29.19431554524362}