{"Kills": 6.8, "Deaths": 6.1, "Assists": 5.6, "KDA": 2.0327868852459017, "DMG/min": 609.0, "Gold Earned": 24133.0, "CS/min": 6.0, "averageTime": 29.23743842364532}