{"Kills": 7.7, "Deaths": 6.5, "Assists": 6.7, "KDA": 2.2153846153846155, "DMG/min": 741.0, "Gold Earned": 13838.0, "CS/min": 6.4, "averageTime": 28.86882591093117}