{"Kills": 6.1, "Deaths": 5.4, "Assists": 8.9, "KDA": 2.7777777777777777, "DMG/min": 622.0, "Gold Earned": 17160.0, "CS/min": 5.9, "averageTime": 28.93215434083601}