{"Kills": 7.7, "Deaths": 5.6, "Assists": 7.6, "KDA": 2.7321428571428577, "DMG/min": 616.0, "Gold Earned": 16303.0, "CS/min": 5.6, "averageTime": 29.313149350649354}