{"Kills": 7.0, "Deaths": 5.8, "Assists": 7.8, "KDA": 2.5517241379310347, "DMG/min": 563.0, "Gold Earned": 21198.0, "CS/min": 4.5, "averageTime": 28.91651865008881}