{"Kills": 9.0, "Deaths": 5.6, "Assists": 7.2, "KDA": 2.892857142857143, "DMG/min": 712.0, "Gold Earned": 15076.0, "CS/min": 4.9, "averageTime": 29.348876404494384}