{"Kills": 6.8, "Deaths": 5.8, "Assists": 7.3, "KDA": 2.4310344827586206, "DMG/min": 799.0, "Gold Earned": 57238.0, "CS/min": 6.4, "averageTime": 29.34993742177722}