{"Kills": 5.9, "Deaths": 5.6, "Assists": 9.8, "KDA": 2.803571428571429, "DMG/min": 590.0, "Gold Earned": 14831.0, "CS/min": 5.1, "averageTime": 29.521016949152546}