{"Kills": 6.6, "Deaths": 6.4, "Assists": 4.4, "KDA": 1.71875, "DMG/min": 685.0, "Gold Earned": 22664.0, "CS/min": 6.3, "averageTime": 28.806569343065693}