{"Kills": 8.1, "Deaths": 5.7, "Assists": 6.2, "KDA": 2.5087719298245617, "DMG/min": 635.0, "Gold Earned": 15128.0, "CS/min": 5.3, "averageTime": 29.294488188976377}