{"Kills": 5.5, "Deaths": 6.0, "Assists": 7.3, "KDA": 2.1333333333333333, "DMG/min": 732.0, "Gold Earned": 12882.0, "CS/min": 6.5, "averageTime": 29.716120218579235}