{"Kills": 6.6, "Deaths": 5.1, "Assists": 5.6, "KDA": 2.392156862745098, "DMG/min": 635.0, "Gold Earned": 23855.0, "CS/min": 6.2, "averageTime": 29.348661417322838}