{"Kills": 4.9, "Deaths": 5.8, "Assists": 7.4, "KDA": 2.120689655172414, "DMG/min": 663.0, "Gold Earned": 29801.0, "CS/min": 5.8, "averageTime": 29.00497737556561}