{"Kills": 4.2, "Deaths": 5.3, "Assists": 7.6, "KDA": 2.226415094339623, "DMG/min": 593.0, "Gold Earned": 9084.0, "CS/min": 4.6, "averageTime": 29.156155143338953}