{"Kills": 6.8, "Deaths": 5.6, "Assists": 7.4, "KDA": 2.5357142857142856, "DMG/min": 600.0, "Gold Earned": 23546.0, "CS/min": 6.4, "averageTime": 28.955833333333334}