{"Kills": 6.7, "Deaths": 5.2, "Assists": 10.3, "KDA": 3.269230769230769, "DMG/min": 537.0, "Gold Earned": 44305.0, "CS/min": 5.5, "averageTime": 29.131657355679703}