{"Kills": 4.7, "Deaths": 6.2, "Assists": 6.3, "KDA": 1.7741935483870968, "DMG/min": 825.0, "Gold Earned": 2592.0, "CS/min": 5.6, "averageTime": 29.486181818181816}