{"Kills": 5.2, "Deaths": 6.5, "Assists": 5.0, "KDA": 1.5692307692307692, "DMG/min": 792.0, "Gold Earned": 5714.0, "CS/min": 6.5, "averageTime": 29.696843434343435}