{"Kills": 6.8, "Deaths": 7.2, "Assists": 4.7, "KDA": 1.597222222222222, "DMG/min": 646.0, "Gold Earned": 19055.0, "CS/min": 7.1, "averageTime": 29.00030959752322}