{"Kills": 2.4, "Deaths": 4.4, "Assists": 13.5, "KDA": 3.6136363636363633, "DMG/min": 272.0, "Gold Earned": 6308.0, "CS/min": 4.2, "averageTime": 28.975367647058825}