{"Kills": 1.8, "Deaths": 5.5, "Assists": 14.5, "KDA": 2.963636363636364, "DMG/min": 293.0, "Gold Earned": 16010.0, "CS/min": 0.6, "averageTime": 29.17337883959044}