{"Kills": 5.7, "Deaths": 5.9, "Assists": 13.1, "KDA": 3.1864406779661016, "DMG/min": 478.0, "Gold Earned": 10498.0, "CS/min": 4.7, "averageTime": 29.055648535564853}