{"Kills": 6.3, "Deaths": 6.5, "Assists": 4.4, "KDA": 1.646153846153846, "DMG/min": 629.0, "Gold Earned": 16018.0, "CS/min": 6.0, "averageTime": 29.02559618441971}