{"Kills": 6.1, "Deaths": 6.5, "Assists": 6.3, "KDA": 1.9076923076923076, "DMG/min": 759.0, "Gold Earned": 9475.0, "CS/min": 6.4, "averageTime": 28.849802371541504}