{"Kills": 7.8, "Deaths": 5.4, "Assists": 8.5, "KDA": 3.0185185185185186, "DMG/min": 647.0, "Gold Earned": 49013.0, "CS/min": 6.2, "averageTime": 29.63817619783617}