{"Kills": 6.8, "Deaths": 5.7, "Assists": 7.9, "KDA": 2.578947368421052, "DMG/min": 687.0, "Gold Earned": 45037.0, "CS/min": 6.8, "averageTime": 28.867103347889376}