{"Kills": 8.4, "Deaths": 5.7, "Assists": 6.5, "KDA": 2.6140350877192984, "DMG/min": 664.0, "Gold Earned": 91121.0, "CS/min": 6.8, "averageTime": 28.913102409638554}