{"Kills": 7.7, "Deaths": 6.4, "Assists": 6.9, "KDA": 2.28125, "DMG/min": 627.0, "Gold Earned": 4186.0, "CS/min": 6.7, "averageTime": 28.55263157894737}