{"Kills": 2.1, "Deaths": 5.7, "Assists": 13.2, "KDA": 2.6842105263157894, "DMG/min": 371.0, "Gold Earned": 17320.0, "CS/min": 1.4, "averageTime": 29.236927223719675}