{"Kills": 7.7, "Deaths": 7.2, "Assists": 10.0, "KDA": 2.458333333333333, "DMG/min": 939.0, "Gold Earned": 9725.0, "CS/min": 6.3, "averageTime": 29.510117145899894}