{"Kills": 8.1, "Deaths": 5.6, "Assists": 6.2, "KDA": 2.553571428571429, "DMG/min": 717.0, "Gold Earned": 19864.0, "CS/min": 6.1, "averageTime": 28.802092050209204}