{"Kills": 9.4, "Deaths": 6.9, "Assists": 6.2, "KDA": 2.2608695652173916, "DMG/min": 742.0, "Gold Earned": 26985.0, "CS/min": 5.3, "averageTime": 28.833423180592995}