{"Kills": 5.3, "Deaths": 5.9, "Assists": 6.1, "KDA": 1.9322033898305082, "DMG/min": 624.0, "Gold Earned": 6843.0, "CS/min": 7.0, "averageTime": 29.00929487179487}