{"Kills": 7.8, "Deaths": 6.5, "Assists": 7.6, "KDA": 2.369230769230769, "DMG/min": 629.0, "Gold Earned": 29705.0, "CS/min": 5.7, "averageTime": 29.417011128775833}