{"Kills": 4.9, "Deaths": 5.7, "Assists": 6.9, "KDA": 2.0701754385964914, "DMG/min": 657.0, "Gold Earned": 4632.0, "CS/min": 5.5, "averageTime": 29.178538812785387}