{"Kills": 7.4, "Deaths": 6.7, "Assists": 7.5, "KDA": 2.2238805970149254, "DMG/min": 646.0, "Gold Earned": 7304.0, "CS/min": 5.6, "averageTime": 28.493343653250776}