{"Kills": 6.2, "Deaths": 5.8, "Assists": 7.9, "KDA": 2.431034482758621, "DMG/min": 655.0, "Gold Earned": 6148.0, "CS/min": 5.4, "averageTime": 28.7769465648855}