{"Kills": 8.1, "Deaths": 6.8, "Assists": 7.0, "KDA": 2.2205882352941178, "DMG/min": 855.0, "Gold Earned": 4245.0, "CS/min": 6.5, "averageTime": 29.403274853801168}