{"Kills": 7.3, "Deaths": 5.1, "Assists": 7.0, "KDA": 2.8039215686274512, "DMG/min": 652.0, "Gold Earned": 11883.0, "CS/min": 4.9, "averageTime": 29.246625766871166}