{"Kills": 7.3, "Deaths": 6.0, "Assists": 8.7, "KDA": 2.6666666666666665, "DMG/min": 527.0, "Gold Earned": 31808.0, "CS/min": 4.8, "averageTime": 28.95180265654649}