{"Kills": 1.9, "Deaths": 6.1, "Assists": 13.6, "KDA": 2.540983606557377, "DMG/min": 244.0, "Gold Earned": 34643.0, "CS/min": 1.2, "averageTime": 29.022131147540982}