{"Kills": 5.7, "Deaths": 5.9, "Assists": 9.0, "KDA": 2.491525423728813, "DMG/min": 609.0, "Gold Earned": 17435.0, "CS/min": 5.9, "averageTime": 29.144991789819375}