{"Kills": 5.7, "Deaths": 6.2, "Assists": 9.5, "KDA": 2.451612903225806, "DMG/min": 667.0, "Gold Earned": 5954.0, "CS/min": 5.7, "averageTime": 29.423988005997}