{"Kills": 7.5, "Deaths": 6.2, "Assists": 6.9, "KDA": 2.3225806451612905, "DMG/min": 674.0, "Gold Earned": 21647.0, "CS/min": 6.7, "averageTime": 29.383976261127597}