{"Kills": 1.5, "Deaths": 5.1, "Assists": 14.5, "KDA": 3.1372549019607847, "DMG/min": 185.0, "Gold Earned": 43183.0, "CS/min": 0.9, "averageTime": 28.95243243243243}