{"Kills": 4.0, "Deaths": 6.3, "Assists": 12.2, "KDA": 2.571428571428571, "DMG/min": 562.0, "Gold Earned": 15263.0, "CS/min": 3.1, "averageTime": 30.042526690391462}