{"Kills": 4.3, "Deaths": 5.0, "Assists": 8.9, "KDA": 2.6399999999999997, "DMG/min": 583.0, "Gold Earned": 22180.0, "CS/min": 4.8, "averageTime": 29.259862778730703}