{"Kills": 5.0, "Deaths": 5.7, "Assists": 8.3, "KDA": 2.3333333333333335, "DMG/min": 697.0, "Gold Earned": 10869.0, "CS/min": 6.5, "averageTime": 29.580631276901006}