{"Kills": 2.6, "Deaths": 6.3, "Assists": 12.0, "KDA": 2.3174603174603177, "DMG/min": 544.0, "Gold Earned": 7408.0, "CS/min": 2.6, "averageTime": 29.261948529411764}