{"Kills": 9.4, "Deaths": 6.9, "Assists": 5.2, "KDA": 2.1159420289855073, "DMG/min": 625.0, "Gold Earned": 16920.0, "CS/min": 5.7, "averageTime": 28.97232}