{"Kills": 7.5, "Deaths": 6.1, "Assists": 7.8, "KDA": 2.5081967213114758, "DMG/min": 686.0, "Gold Earned": 13659.0, "CS/min": 6.2, "averageTime": 29.4966472303207}