{"Kills": 6.5, "Deaths": 5.6, "Assists": 6.2, "KDA": 2.267857142857143, "DMG/min": 634.0, "Gold Earned": 14665.0, "CS/min": 5.7, "averageTime": 29.226813880126183}