{"Kills": 6.0, "Deaths": 6.1, "Assists": 5.2, "KDA": 1.8360655737704918, "DMG/min": 693.0, "Gold Earned": 15971.0, "CS/min": 5.8, "averageTime": 29.41197691197691}