{"Kills": 2.8, "Deaths": 6.2, "Assists": 13.7, "KDA": 2.661290322580645, "DMG/min": 439.0, "Gold Earned": 26076.0, "CS/min": 1.4, "averageTime": 29.57744874715262}