{"Kills": 1.9, "Deaths": 5.5, "Assists": 15.6, "KDA": 3.1818181818181817, "DMG/min": 301.0, "Gold Earned": 18409.0, "CS/min": 0.5, "averageTime": 29.383388704318936}