{"Kills": 5.1, "Deaths": 5.3, "Assists": 5.8, "KDA": 2.0566037735849054, "DMG/min": 623.0, "Gold Earned": 14357.0, "CS/min": 6.0, "averageTime": 29.230176565008026}