{"Kills": 2.2, "Deaths": 6.3, "Assists": 13.4, "KDA": 2.4761904761904763, "DMG/min": 299.0, "Gold Earned": 23489.0, "CS/min": 1.3, "averageTime": 28.861872909699}