{"Kills": 6.1, "Deaths": 5.7, "Assists": 7.8, "KDA": 2.4385964912280698, "DMG/min": 656.0, "Gold Earned": 5917.0, "CS/min": 4.7, "averageTime": 29.429878048780488}