{"Kills": 6.9, "Deaths": 5.4, "Assists": 7.7, "KDA": 2.7037037037037037, "DMG/min": 603.0, "Gold Earned": 14738.0, "CS/min": 5.3, "averageTime": 28.554560530679936}