{"Kills": 7.8, "Deaths": 6.1, "Assists": 8.0, "KDA": 2.5901639344262297, "DMG/min": 569.0, "Gold Earned": 17568.0, "CS/min": 5.7, "averageTime": 29.35992970123023}