{"Kills": 4.2, "Deaths": 5.3, "Assists": 13.1, "KDA": 3.264150943396227, "DMG/min": 412.0, "Gold Earned": 14658.0, "CS/min": 4.7, "averageTime": 28.81626213592233}