{"Kills": 7.1, "Deaths": 6.0, "Assists": 7.6, "KDA": 2.4499999999999997, "DMG/min": 615.0, "Gold Earned": 9761.0, "CS/min": 5.6, "averageTime": 28.900650406504067}