{"Kills": 4.9, "Deaths": 5.4, "Assists": 9.5, "KDA": 2.6666666666666665, "DMG/min": 628.0, "Gold Earned": 13973.0, "CS/min": 6.2, "averageTime": 29.163535031847136}