{"Kills": 4.0, "Deaths": 5.1, "Assists": 9.3, "KDA": 2.6078431372549025, "DMG/min": 576.0, "Gold Earned": 11180.0, "CS/min": 5.3, "averageTime": 29.125347222222224}