{"Kills": 7.9, "Deaths": 6.4, "Assists": 7.3, "KDA": 2.3749999999999996, "DMG/min": 696.0, "Gold Earned": 6369.0, "CS/min": 3.8, "averageTime": 28.83505747126437}