{"Kills": 4.6, "Deaths": 5.4, "Assists": 7.9, "KDA": 2.314814814814815, "DMG/min": 593.0, "Gold Earned": 6847.0, "CS/min": 4.7, "averageTime": 29.114502529510965}