{"Kills": 6.9, "Deaths": 7.1, "Assists": 8.7, "KDA": 2.1971830985915495, "DMG/min": 368.0, "Gold Earned": 20347.0, "CS/min": 1.5, "averageTime": 29.24891304347826}