{"Kills": 8.9, "Deaths": 7.0, "Assists": 6.2, "KDA": 2.1571428571428575, "DMG/min": 729.0, "Gold Earned": 14010.0, "CS/min": 5.4, "averageTime": 29.226748971193416}