{"Kills": 7.4, "Deaths": 7.3, "Assists": 6.0, "KDA": 1.8356164383561644, "DMG/min": 710.0, "Gold Earned": 5124.0, "CS/min": 5.8, "averageTime": 29.487746478873238}