{"Kills": 1.7, "Deaths": 5.4, "Assists": 14.9, "KDA": 3.074074074074074, "DMG/min": 239.0, "Gold Earned": 11009.0, "CS/min": 1.2, "averageTime": 29.065690376569037}