{"Kills": 4.8, "Deaths": 5.9, "Assists": 11.9, "KDA": 2.8305084745762707, "DMG/min": 478.0, "Gold Earned": 9470.0, "CS/min": 4.4, "averageTime": 29.389330543933056}