{"Kills": 8.2, "Deaths": 6.1, "Assists": 7.6, "KDA": 2.5901639344262293, "DMG/min": 559.0, "Gold Earned": 9816.0, "CS/min": 4.9, "averageTime": 28.88890876565295}