{"Kills": 1.9, "Deaths": 6.6, "Assists": 13.7, "KDA": 2.3636363636363638, "DMG/min": 274.0, "Gold Earned": 16554.0, "CS/min": 1.2, "averageTime": 28.795255474452553}