{"Kills": 5.3, "Deaths": 5.9, "Assists": 6.1, "KDA": 1.9322033898305082, "DMG/min": 583.0, "Gold Earned": 17622.0, "CS/min": 6.3, "averageTime": 28.937907375643224}