{"Kills": 8.8, "Deaths": 6.5, "Assists": 6.0, "KDA": 2.276923076923077, "DMG/min": 639.0, "Gold Earned": 12069.0, "CS/min": 5.5, "averageTime": 29.183724569640066}