{"Kills": 6.8, "Deaths": 6.0, "Assists": 5.5, "KDA": 2.0500000000000003, "DMG/min": 607.0, "Gold Earned": 22020.0, "CS/min": 6.2, "averageTime": 29.158154859967052}