{"Kills": 5.6, "Deaths": 6.1, "Assists": 6.9, "KDA": 2.0491803278688527, "DMG/min": 673.0, "Gold Earned": 8897.0, "CS/min": 7.0, "averageTime": 29.10624071322437}