{"Kills": 8.8, "Deaths": 6.7, "Assists": 6.8, "KDA": 2.328358208955224, "DMG/min": 706.0, "Gold Earned": 31255.0, "CS/min": 6.5, "averageTime": 28.528611898016997}