{"Kills": 4.4, "Deaths": 6.9, "Assists": 12.7, "KDA": 2.4782608695652173, "DMG/min": 575.0, "Gold Earned": 28903.0, "CS/min": 2.2, "averageTime": 29.29095652173913}