{"Kills": 2.4, "Deaths": 5.9, "Assists": 13.5, "KDA": 2.694915254237288, "DMG/min": 374.0, "Gold Earned": 24102.0, "CS/min": 2.0, "averageTime": 29.335828877005348}