{"Kills": 5.5, "Deaths": 6.6, "Assists": 6.3, "KDA": 1.787878787878788, "DMG/min": 668.0, "Gold Earned": 15482.0, "CS/min": 4.6, "averageTime": 28.98443113772455}