{"Kills": 8.9, "Deaths": 5.9, "Assists": 8.0, "KDA": 2.8644067796610164, "DMG/min": 576.0, "Gold Earned": 25193.0, "CS/min": 4.1, "averageTime": 30.01631944444445}