{"Kills": 6.4, "Deaths": 5.3, "Assists": 7.2, "KDA": 2.566037735849057, "DMG/min": 664.0, "Gold Earned": 5808.0, "CS/min": 6.2, "averageTime": 29.223493975903615}