{"Kills": 4.4, "Deaths": 6.1, "Assists": 8.5, "KDA": 2.114754098360656, "DMG/min": 625.0, "Gold Earned": 5846.0, "CS/min": 6.0, "averageTime": 29.49216}