{"Kills": 4.3, "Deaths": 5.8, "Assists": 8.5, "KDA": 2.206896551724138, "DMG/min": 614.0, "Gold Earned": 13905.0, "CS/min": 5.7, "averageTime": 29.52622149837133}