{"Kills": 6.0, "Deaths": 5.5, "Assists": 9.1, "KDA": 2.7454545454545456, "DMG/min": 707.0, "Gold Earned": 25446.0, "CS/min": 7.0, "averageTime": 29.45813295615276}