{"Kills": 3.9, "Deaths": 4.7, "Assists": 11.8, "KDA": 3.3404255319148937, "DMG/min": 349.0, "Gold Earned": 9551.0, "CS/min": 5.0, "averageTime": 29.336389684813753}