{"Kills": 2.3, "Deaths": 5.7, "Assists": 14.5, "KDA": 2.9473684210526314, "DMG/min": 339.0, "Gold Earned": 5433.0, "CS/min": 0.6, "averageTime": 28.85604719764012}