{"Kills": 0.9, "Deaths": 5.6, "Assists": 14.5, "KDA": 2.7500000000000004, "DMG/min": 197.0, "Gold Earned": 10372.0, "CS/min": 0.8, "averageTime": 29.211167512690356}