{"Kills": 4.9, "Deaths": 7.4, "Assists": 12.1, "KDA": 2.2972972972972974, "DMG/min": 657.0, "Gold Earned": 10145.0, "CS/min": 3.0, "averageTime": 29.346575342465755}