{"Kills": 7.1, "Deaths": 6.6, "Assists": 7.3, "KDA": 2.1818181818181817, "DMG/min": 689.0, "Gold Earned": 24132.0, "CS/min": 5.3, "averageTime": 28.6166908563135}