{"Kills": 6.0, "Deaths": 6.0, "Assists": 7.0, "KDA": 2.1666666666666665, "DMG/min": 683.0, "Gold Earned": 9401.0, "CS/min": 6.0, "averageTime": 29.64568081991215}