{"Kills": 5.0, "Deaths": 5.6, "Assists": 7.8, "KDA": 2.285714285714286, "DMG/min": 585.0, "Gold Earned": 2026.0, "CS/min": 4.2, "averageTime": 29.21948717948718}