{"Kills": 7.2, "Deaths": 6.1, "Assists": 9.2, "KDA": 2.6885245901639343, "DMG/min": 677.0, "Gold Earned": 4745.0, "CS/min": 5.0, "averageTime": 28.877695716395866}