{"Kills": 8.9, "Deaths": 6.9, "Assists": 6.1, "KDA": 2.1739130434782608, "DMG/min": 737.0, "Gold Earned": 16629.0, "CS/min": 5.8, "averageTime": 29.36390773405699}