{"Kills": 1.4, "Deaths": 5.5, "Assists": 14.6, "KDA": 2.909090909090909, "DMG/min": 182.0, "Gold Earned": 3297.0, "CS/min": 1.4, "averageTime": 28.885714285714286}