{"Kills": 5.2, "Deaths": 6.6, "Assists": 5.9, "KDA": 1.681818181818182, "DMG/min": 792.0, "Gold Earned": 8602.0, "CS/min": 5.6, "averageTime": 30.22537878787879}