{"Kills": 1.9, "Deaths": 5.9, "Assists": 14.6, "KDA": 2.796610169491525, "DMG/min": 245.0, "Gold Earned": 61298.0, "CS/min": 1.2, "averageTime": 29.086122448979594}