{"Kills": 8.0, "Deaths": 5.8, "Assists": 6.4, "KDA": 2.4827586206896552, "DMG/min": 666.0, "Gold Earned": 53661.0, "CS/min": 6.5, "averageTime": 28.828528528528526}