{"Kills": 5.4, "Deaths": 5.1, "Assists": 9.9, "KDA": 3.0000000000000004, "DMG/min": 475.0, "Gold Earned": 3043.0, "CS/min": 5.3, "averageTime": 28.993894736842105}