{"Kills": 6.3, "Deaths": 5.8, "Assists": 4.1, "KDA": 1.7931034482758619, "DMG/min": 619.0, "Gold Earned": 8569.0, "CS/min": 7.1, "averageTime": 29.222940226171243}