{"Kills": 5.2, "Deaths": 6.2, "Assists": 9.2, "KDA": 2.32258064516129, "DMG/min": 582.0, "Gold Earned": 20859.0, "CS/min": 5.6, "averageTime": 28.75085910652921}