{"Kills": 9.1, "Deaths": 6.7, "Assists": 7.4, "KDA": 2.462686567164179, "DMG/min": 769.0, "Gold Earned": 12541.0, "CS/min": 5.3, "averageTime": 29.37438231469441}