{"Kills": 5.1, "Deaths": 4.7, "Assists": 9.5, "KDA": 3.106382978723404, "DMG/min": 413.0, "Gold Earned": 24335.0, "CS/min": 5.9, "averageTime": 28.855205811138017}