{"Kills": 6.7, "Deaths": 5.9, "Assists": 6.0, "KDA": 2.1525423728813555, "DMG/min": 668.0, "Gold Earned": 19506.0, "CS/min": 6.4, "averageTime": 29.32125748502994}