{"Kills": 7.3, "Deaths": 6.2, "Assists": 8.1, "KDA": 2.483870967741935, "DMG/min": 747.0, "Gold Earned": 6477.0, "CS/min": 6.1, "averageTime": 29.720348058902275}