{"Kills": 7.7, "Deaths": 6.2, "Assists": 6.0, "KDA": 2.2096774193548385, "DMG/min": 650.0, "Gold Earned": 41964.0, "CS/min": 6.3, "averageTime": 29.020153846153843}