{"Kills": 7.1, "Deaths": 5.9, "Assists": 7.0, "KDA": 2.389830508474576, "DMG/min": 674.0, "Gold Earned": 9562.0, "CS/min": 5.5, "averageTime": 29.829673590504452}