{"Kills": 4.6, "Deaths": 6.5, "Assists": 10.2, "KDA": 2.276923076923077, "DMG/min": 709.0, "Gold Earned": 6110.0, "CS/min": 3.8, "averageTime": 30.139351198871648}