{"Kills": 6.3, "Deaths": 6.1, "Assists": 8.3, "KDA": 2.39344262295082, "DMG/min": 514.0, "Gold Earned": 9812.0, "CS/min": 5.3, "averageTime": 29.23793774319066}