{"Kills": 7.9, "Deaths": 6.5, "Assists": 6.6, "KDA": 2.230769230769231, "DMG/min": 593.0, "Gold Earned": 23176.0, "CS/min": 5.7, "averageTime": 29.177571669477235}