{"Kills": 5.9, "Deaths": 5.5, "Assists": 7.5, "KDA": 2.4363636363636365, "DMG/min": 791.0, "Gold Earned": 13993.0, "CS/min": 6.4, "averageTime": 29.483438685208597}