{"Kills": 6.8, "Deaths": 5.4, "Assists": 6.4, "KDA": 2.444444444444444, "DMG/min": 782.0, "Gold Earned": 14808.0, "CS/min": 6.3, "averageTime": 29.071739130434782}