{"Kills": 5.3, "Deaths": 5.8, "Assists": 7.0, "KDA": 2.120689655172414, "DMG/min": 622.0, "Gold Earned": 18308.0, "CS/min": 5.3, "averageTime": 29.16334405144694}