{"Kills": 7.2, "Deaths": 6.3, "Assists": 8.8, "KDA": 2.5396825396825395, "DMG/min": 488.0, "Gold Earned": 9473.0, "CS/min": 4.8, "averageTime": 29.29733606557377}