{"Kills": 6.7, "Deaths": 5.7, "Assists": 7.3, "KDA": 2.456140350877193, "DMG/min": 671.0, "Gold Earned": 18431.0, "CS/min": 6.8, "averageTime": 29.25901639344262}