{"Kills": 4.7, "Deaths": 6.1, "Assists": 10.7, "KDA": 2.524590163934426, "DMG/min": 717.0, "Gold Earned": 7736.0, "CS/min": 3.4, "averageTime": 29.822454672245467}