{"Kills": 6.7, "Deaths": 6.8, "Assists": 8.1, "KDA": 2.1764705882352944, "DMG/min": 614.0, "Gold Earned": 21884.0, "CS/min": 5.3, "averageTime": 28.865635179153095}