{"Kills": 6.5, "Deaths": 7.1, "Assists": 5.8, "KDA": 1.7323943661971832, "DMG/min": 619.0, "Gold Earned": 23250.0, "CS/min": 6.7, "averageTime": 28.833441033925688}