{"Kills": 6.9, "Deaths": 6.6, "Assists": 5.9, "KDA": 1.9393939393939397, "DMG/min": 696.0, "Gold Earned": 33498.0, "CS/min": 6.5, "averageTime": 28.844252873563217}