{"Kills": 1.6, "Deaths": 4.1, "Assists": 16.4, "KDA": 4.390243902439025, "DMG/min": 286.0, "Gold Earned": 29553.0, "CS/min": 0.2, "averageTime": 28.677972027972025}