{"Kills": 4.5, "Deaths": 4.8, "Assists": 12.4, "KDA": 3.520833333333333, "DMG/min": 487.0, "Gold Earned": 8075.0, "CS/min": 4.4, "averageTime": 29.394455852156057}