{"Kills": 8.9, "Deaths": 6.2, "Assists": 5.7, "KDA": 2.3548387096774195, "DMG/min": 756.0, "Gold Earned": 33394.0, "CS/min": 5.8, "averageTime": 29.583597883597886}