{"Kills": 5.3, "Deaths": 5.6, "Assists": 9.2, "KDA": 2.5892857142857144, "DMG/min": 830.0, "Gold Earned": 794.0, "CS/min": 6.1, "averageTime": 29.373734939759036}