{"Kills": 2.4, "Deaths": 5.1, "Assists": 13.6, "KDA": 3.1372549019607847, "DMG/min": 367.0, "Gold Earned": 11178.0, "CS/min": 2.1, "averageTime": 29.506811989100818}