{"Kills": 6.4, "Deaths": 5.5, "Assists": 7.6, "KDA": 2.5454545454545454, "DMG/min": 714.0, "Gold Earned": 9139.0, "CS/min": 5.2, "averageTime": 29.03249299719888}