{"Kills": 3.7, "Deaths": 7.1, "Assists": 11.0, "KDA": 2.0704225352112675, "DMG/min": 668.0, "Gold Earned": 9869.0, "CS/min": 1.7, "averageTime": 30.14431137724551}